symptom,organ
畏惡風寒,脾
畏惡風寒,腎
畏惡風寒,胃
惡寒發熱,肺
寒熱往來,膽
但熱不寒,肝
但熱不寒,脾
但熱不寒,肺
但熱不寒,胃
潮熱,脾
潮熱,胃
五心煩熱,肝
五心煩熱,脾
五心煩熱,肺
五心煩熱,腎
五心煩熱,膽
五心煩熱,胃
無汗,肺
戰汗,脾
戰汗,胃
自汗,肝
自汗,脾
自汗,肺
自汗,腎
自汗,胃
盜汗,脾
盜汗,肺
盜汗,腎
盜汗,胃
黃汗,脾
黃汗,胃
黃汗,膀胱
頭汗,肝
頭汗,膽
頭汗,胃
頭汗,膀胱
心胸汗出,脾
心胸汗出,腎
手足汗出,脾
手足汗出,胃
手足汗出,膀胱
腋汗,肝
腋汗,膽
身重,肝
身重,脾
身重,肺
身重,腎
身重,膀胱
身痛,肝
身振搖,肝
身振搖,脾
身振搖,腎
身振搖,膽
癱瘓,肝
癱瘓,脾
癱瘓,肺
癱瘓,腎
癱瘓,膽
癱瘓,胃
半身不遂,肝
半身不遂,脾
半身不遂,腎
半身不遂,胃
角弓反張,肝
半身麻木,肝
半身麻木,脾
半身麻木,肺
半身麻木,腎
浮腫,脾
浮腫,肺
浮腫,腎
浮腫,胃
浮腫,膀胱
肥胖,脾
肥胖,膽
肥胖,胃
消瘦,肝
消瘦,脾
消瘦,肺
消瘦,膽
消瘦,胃
疲乏,脾
疲乏,胃
白㾦,肺
紅疹,胃
發斑,脾
發斑,肺
發斑,腎
發斑,胃
發黃,肝
發黃,脾
發黃,膽
發黃,胃
發黃,膀胱
發狂,肝
發狂,腎
發狂,膽
發狂,胃
癲,脾
癲,膽
癇,肝
癇,脾
癇,腎
癇,膀胱
善驚,肝
善驚,腎
善驚,膽
善喜,肝
善喜,脾
善喜,肺
善喜,腎
善喜,膽
善喜,胃
善悲,肝
善悲,脾
善悲,肺
善恐,肝
善恐,腎
善恐,膽
善恐,胃
善怒,肝
善怒,脾
善怒,腎
善怒,膽
善怒,胃
善憂思,脾
善憂思,肺
善憂思,胃
神昏,肝
神昏,脾
神昏,肺
神昏,腎
神昏,胃
譫語,肝
譫語,脾
譫語,胃
言語錯亂,肝
言語錯亂,脾
言語錯亂,膽
煩躁,肝
煩躁,肺
煩躁,腎
煩躁,膽
嗜睡,脾
嗜睡,肺
嗜睡,腎
嗜睡,胃
痴呆,肝
痴呆,脾
痴呆,腎
痴呆,膽
痴呆,胃
健忘,肝
健忘,脾
健忘,腎
健忘,膽
多夢,肝
多夢,脾
多夢,肺
多夢,腎
多夢,膽
不寐,肝
不寐,脾
不寐,腎
不寐,膽
不寐,小腸
喜太息,肝
喜太息,膽
喜太息,胃
暈厥,肝
暈厥,脾
暈厥,腎
暈厥,胃
少氣,脾
少氣,肺
少氣,腎
少氣,胃
頭脹,肝
頭脹,膽
頭脹,胃
頭冷,胃
頭熱,肝
頭熱,腎
頭熱,膽
頭暈,肝
頭暈,脾
頭暈,腎
頭暈,膽
頭暈,胃
頭重,脾
頭重,肺
頭重,胃
頭痛,肝
頭痛,脾
頭痛,腎
頭痛,膽
頭痛,胃
偏頭痛,肝
偏頭痛,脾
偏頭痛,腎
偏頭痛,胃
頭皮麻木,肝
頭皮麻木,脾
頭傾,脾
頭傾,腎
頭傾,胃
頭搖,肝
頭搖,腎
腦鳴,肝
腦鳴,脾
腦鳴,腎
腦鳴,膽
鬚髮早白,肝
鬚髮早白,腎
面色紅,肝
面色紅,脾
面色紅,肺
面色紅,腎
面色紅,胃
面色白,肝
面色白,脾
面色白,肺
面色白,腎
面色白,胃
面色青,肝
面色青,脾
面色青,肺
面色青,腎
面色青,胃
面色黧黑,肝
面色黧黑,腎
面色萎黃,脾
面色萎黃,腎
面色萎黃,胃
面部疼痛,肝
面部疼痛,脾
面部疼痛,胃
頭面紅腫,脾
頭面紅腫,肺
頭面紅腫,胃
面浮,脾
面浮,肺
顏面抽搐,肝
口眼喎斜,肝
口眼喎斜,胃
口噤,肝
口噤,膽
口噤,胃
口中生瘡,脾
口中生瘡,肺
口中生瘡,腎
口中生瘡,小腸
口中生瘡,胃
口中生瘡,膀胱
口苦,肝
口苦,膽
口甜,脾
口甜,胃
口鹹,脾
口鹹,腎
口鹹,胃
口酸,肝
口酸,脾
口酸,膽
口酸,胃
口膩,肝
口膩,脾
口膩,膽
口膩,胃
口臭,肺
口臭,腎
口臭,胃
口淡無味,肝
口淡無味,脾
口淡無味,腎
口淡無味,胃
口渴,脾
口渴,肺
口渴,腎
口渴,膽
口渴,小腸
口渴,胃
口渴,大腸
多唾,脾
多唾,腎
多唾,胃
口角流涎,脾
口角流涎,腎
口角流涎,胃
唇顫動,脾
唇顫動,胃
唇顫動,大腸
唇裂,肝
唇裂,脾
唇裂,小腸
唇裂,胃
唇青紫,脾
唇青紫,肺
唇青紫,腎
舌癢,脾
舌癢,腎
舌裂,胃
舌痛,肝
舌痛,脾
舌痛,肺
舌痛,腎
舌痛,膽
舌痛,胃
舌萎,肝
舌萎,脾
舌萎,肺
舌萎,腎
舌萎,胃
舌腫,脾
舌腫,腎
舌胖,脾
舌胖,腎
舌縱,肝
舌縱,膽
舌卷,肝
舌卷,脾
舌卷,肺
舌卷,腎
舌卷,小腸
舌強,肝
舌強,脾
舌強,胃
舌歪,肝
舌顫,肝
舌顫,脾
舌顫,腎
舌顫,胃
弄舌,肝
弄舌,脾
弄舌,腎
弄舌,胃
囓舌,肝
舌剝,胃
舌麻,肝
舌麻,脾
舌麻,腎
舌麻,膽
舌瘡,脾
舌瘡,腎
舌瘡,胃
舌上出血,肝
舌上出血,脾
舌上出血,腎
舌上出血,膽
舌上出血,胃
舌生芒刺,脾
舌生芒刺,腎
舌生芒刺,膽
舌生芒刺,胃
舌邊齒痕,肝
舌邊齒痕,脾
舌紅絳,肝
舌紅絳,腎
舌紅絳,胃
舌光,脾
舌光,腎
舌光,膽
舌光,胃
舌乾,肝
舌乾,肺
舌乾,腎
舌乾,膽
舌乾,胃
舌青,肝
舌青,腎
舌青,膽
舌青,胃
舌紫,肝
舌紫,脾
舌紫,腎
舌紫,胃
舌淡白,脾
舌淡白,肺
舌淡白,大腸
舌苔白,脾
舌苔白,肺
舌苔白,胃
舌苔白,膀胱
舌苔黃,肝
舌苔黃,脾
舌苔黃,肺
舌苔黃,膽
舌苔黃,胃
舌苔灰黑,脾
舌苔灰黑,腎
舌苔灰黑,膽
舌苔灰黑,胃
舌苔腐垢,肝
舌苔腐垢,脾
舌苔腐垢,肺
舌苔腐垢,腎
舌苔腐垢,膽
舌苔腐垢,胃
舌苔黃膩,肝
舌苔黃膩,脾
舌苔黃膩,肺
舌苔黃膩,膽
舌苔黃膩,胃
舌苔黃膩,大腸
舌苔白膩,脾
牙痛,腎
牙痛,胃
牙痛,大腸
牙齒痠弱,脾
牙齒痠弱,腎
牙齒痠弱,胃
牙齒浮動,腎
牙齒浮動,胃
囓齒,肝
囓齒,脾
囓齒,腎
囓齒,膽
囓齒,胃
牙齦腐爛,脾
牙齦腐爛,胃
牙齦出血,脾
牙齦出血,腎
牙齦出血,胃
牙齦出血,大腸
牙齦萎縮,腎
牙齦萎縮,胃
牙齦萎縮,大腸
牙齒焦黑,腎
牙齒焦黑,胃
項強,肝
項強,腎
項強,膀胱
頸粗,肝
四肢疼痛,肝
四肢疼痛,脾
四肢疼痛,腎
四肢麻木,肝
四肢麻木,胃
四肢瘦削,肝
四肢瘦削,脾
四肢瘦削,腎
四肢瘦削,胃
四肢腫脹,肝
四肢強直,肝
四肢強直,脾
四肢強直,腎
四肢拘急,肝
四肢拘急,脾
四肢拘急,胃
四肢抽搐,肝
四肢抽搐,脾
四肢抽搐,腎
四肢抽搐,胃
手舞足蹈,肝
手舞足蹈,腎
手足厥冷,肝
手足厥冷,脾
手足厥冷,腎
手足厥冷,膽
手足厥冷,胃
肢體痿癈,肝
肢體痿癈,脾
肢體痿癈,肺
肢體痿癈,腎
肢體痿癈,胃
筋惕肉瞤,腎
肩痛,肝
肩痛,腎
臂痛,脾
臂痛,腎
臂痛,胃
手指攣急,肝
手指攣急,脾
手指攣急,肺
手指攣急,腎
手顫,肝
手顫,脾
手顫,腎
朱砂掌,肝
朱砂掌,腎
朱砂掌,膽
朱砂掌,胃
股陰痛,腎
股陰痛,胃
膝腫痛,肝
膝腫痛,脾
膝腫痛,腎
膝腫痛,胃
脛痠,腎
足痛,肝
足痛,脾
足痛,腎
背痛,脾
背痛,腎
背冷,脾
背冷,腎
背熱,肺
背熱,腎
背熱,大腸
腰脊痛,腎
腰脊痛,膽
腰脊痛,膀胱
腰痠,腎
腰冷重,脾
腰冷重,腎
腰膝無力,肝
腰膝無力,腎
腰如繩束,肝
腰如繩束,腎
腰如繩束,膽
尾閭痛,腎
噴嚏,肺
喉中痰鳴,肝
喉中痰鳴,脾
喉中痰鳴,肺
喉中痰鳴,腎
咳痰,肝
咳痰,脾
咳痰,肺
咳痰,腎
咳痰,膽
咳痰,胃
咳嗽,肝
咳嗽,脾
咳嗽,肺
咳嗽,腎
咳嗽,胃
咳血,肝
咳血,脾
咳血,肺
咳血,腎
咳血,胃
氣喘,肝
氣喘,脾
氣喘,肺
氣喘,腎
氣喘,胃
哮,脾
哮,肺
哮,腎
胸痛,肝
胸痛,肺
胸痛,腎
胸痛,膽
胸痛,胃
胸悶,肝
胸悶,肺
胸悶,胃
心中懊憹,肝
心中懊憹,脾
心中懊憹,肺
心中懊憹,膽
心中懊憹,胃
心悸,脾
心悸,肺
心悸,腎
心悸,膽
心下悸,脾
心下悸,膽
心下悸,胃
心下痞,脾
心下痞,胃
呵欠,肝
呵欠,脾
呵欠,腎
呵欠,胃
噯氣,肝
噯氣,脾
噯氣,肺
噯氣,腎
噯氣,胃
吞酸,肝
吞酸,脾
吞酸,胃
呃逆,肝
呃逆,脾
呃逆,腎
呃逆,胃
呃逆,大腸
嘈雜,脾
嘈雜,胃
惡心,肝
惡心,脾
惡心,胃
乾嘔,肝
乾嘔,脾
乾嘔,胃
嘔吐,肝
嘔吐,脾
嘔吐,膽
嘔吐,胃
吐血,肝
吐血,脾
吐血,肺
吐血,腎
吐血,膽
吐血,胃
吐蚘,胃
食欲不振,肝
食欲不振,脾
食欲不振,腎
食欲不振,胃
善食易飢,肝
善食易飢,胃
食後困頓,肝
食後困頓,脾
食後困頓,肺
食後困頓,胃
喜食異物,肝
喜食異物,脾
喜食異物,胃
反胃,肝
反胃,脾
反胃,肺
反胃,腎
反胃,胃
噎膈,肝
噎膈,脾
噎膈,腎
噎膈,胃
噎膈,大腸
脅痛,肝
脅痛,脾
脅痛,肺
脅痛,腎
脅痛,膽
脅痛,胃
脅痛,膀胱
胃脘痛,肝
胃脘痛,脾
胃脘痛,胃
臍腹痛,肝
臍腹痛,脾
臍腹痛,腎
臍腹痛,胃
臍腹痛,大腸
小腹痛,腎
小腹痛,小腸
小腹痛,膀胱
少腹痛,肝
少腹痛,大腸
腹中痞塊,肝
腹中痞塊,脾
腹中痞塊,胃
腹露青筋,肝
腹露青筋,脾
腹露青筋,肺
腹露青筋,腎
腹露青筋,胃
單腹脹大,肝
單腹脹大,脾
單腹脹大,腎
單腹脹大,胃
腹滿,脾
腹滿,胃
腹滿,大腸
腹冷,肝
腹冷,脾
腹冷,腎
腹冷,小腸
腹冷,胃
腹冷,大腸
腹冷,膀胱
臍下悸動,腎
氣從少腹上衝,肝
氣從少腹上衝,腎
氣從少腹上衝,胃
腸鳴,肝
腸鳴,脾
腸鳴,肺
腸鳴,腎
腸鳴,胃
腸鳴,大腸
腹瀉,肝
腹瀉,脾
腹瀉,腎
腹瀉,小腸
腹瀉,胃
腹瀉,大腸
上吐下瀉,脾
上吐下瀉,胃
上吐下瀉,大腸
大便膿血,肝
大便膿血,脾
大便膿血,腎
大便膿血,小腸
大便膿血,胃
大便膿血,大腸
裡急後重,脾
裡急後重,大腸
大便失禁,脾
大便失禁,腎
大便失禁,大腸
大便秘結,肝
大便秘結,脾
大便秘結,肺
大便秘結,腎
大便秘結,胃
大便秘結,大腸
大便艱難,肝
大便艱難,脾
大便艱難,肺
大便艱難,腎
大便艱難,胃
大便艱難,大腸
大便下血,肝
大便下血,脾
大便下血,肺
大便下血,腎
大便下血,小腸
大便下血,胃
大便下血,大腸
小便黃赤,肝
小便黃赤,脾
小便黃赤,肺
小便黃赤,膽
小便黃赤,小腸
小便黃赤,胃
小便黃赤,大腸
小便黃赤,膀胱
小便渾濁,肝
小便渾濁,脾
小便渾濁,肺
小便渾濁,腎
小便渾濁,膽
小便渾濁,小腸
小便渾濁,胃
小便渾濁,大腸
小便渾濁,膀胱
小便清長,腎
小便清長,膀胱
小便不利,肝
小便不利,脾
小便不利,肺
小便不利,腎
小便不利,胃
小便不利,膀胱
小便不通,肝
小便不通,脾
小便不通,肺
小便不通,腎
小便不通,小腸
小便不通,膀胱
小便頻數,肝
小便頻數,脾
小便頻數,肺
小便頻數,腎
小便頻數,膀胱
尿後餘瀝,腎
尿後餘瀝,膀胱
小便失禁,肝
小便失禁,脾
小便失禁,肺
小便失禁,腎
小便失禁,膀胱
夜間多尿,脾
夜間多尿,腎
夜間多尿,膀胱
遺尿,肝
遺尿,脾
遺尿,肺
遺尿,腎
遺尿,膀胱
小便疼痛,肝
小便疼痛,脾
小便疼痛,腎
小便疼痛,小腸
小便疼痛,膀胱
尿血,肝
尿血,脾
尿血,肺
尿血,腎
尿血,膽
尿血,小腸
尿血,膀胱
小便挾精,肝
小便挾精,脾
小便挾精,腎
小便挾精,膀胱
血精,腎
精液清冷,脾
精液清冷,腎
不射精,腎
早泄,肝
早泄,脾
早泄,腎
早泄,膽
遺精,肝
遺精,脾
遺精,肺
遺精,腎
遺精,膽
遺精,胃
遺精,膀胱
陽萎,肝
陽萎,脾
陽萎,腎
陽萎,膽
陽萎,胃
陰舉不衰,肝
陰舉不衰,肺
陰舉不衰,腎
陰舉不衰,膽
陰冷,肝
陰冷,腎
陰冷,膽
陰縮,肝
陰縮,脾
陰縮,腎
陰縮,胃
莖中痛癢,肝
莖中痛癢,脾
莖中痛癢,腎
莖中痛癢,小腸
莖中痛癢,膀胱
睪丸脹痛,肝
睪丸脹痛,脾
睪丸脹痛,腎
睪丸脹痛,膽
睪丸脹痛,小腸
睪丸脹痛,膀胱
陰囊瘙癢,肝
陰囊瘙癢,腎
陰囊瘙癢,膽
經色淺淡,脾
經色淺淡,腎
經色淺淡,胃
經色紫黯,肝
經質粘稠,肝
經質粘稠,脾
經質粘稠,腎
經質粘稠,膽
經質清稀,肝
經質清稀,脾
經質清稀,腎
經質清稀,胃
經行先期,肝
經行先期,脾
經行先期,腎
經行後期,肝
經行後期,脾
經行後期,腎
經行先後無定期,肝
經行先後無定期,脾
經行先後無定期,腎
月經過多,肝
月經過多,脾
月經過多,腎
月經過多,膽
月經過少,肝
月經過少,脾
月經過少,腎
月經過少,胃
經閉,肝
經閉,脾
經閉,肺
經閉,腎
經閉,胃
崩漏,肝
崩漏,脾
崩漏,腎
經來驟止,肝
經行發熱,肝
經行發熱,脾
經行發熱,胃
經行頭痛,肝
經行頭痛,腎
經行頭痛,膽
經行腹痛,肝
經行腹痛,脾
經行腹痛,腎
經行腹痛,胃
經行腰痛,肝
經行腰痛,腎
經行嘔吐,肝
經行嘔吐,脾
經行嘔吐,胃
經行泄瀉,肝
經行泄瀉,脾
經行泄瀉,腎
經行泄瀉,胃
經行吐衄,肝
經行吐衄,脾
經行吐衄,肺
經行吐衄,胃
經行便血,脾
經行便血,腎
經行便血,小腸
經行便血,胃
經行便血,大腸
經行浮腫,脾
經行浮腫,腎
經血挾塊,肝
經行抽搐,肝
經行抽搐,脾
經行抽搐,膽
經前乳脹,肝
經前乳脹,脾
經前乳脹,腎
經前不寐,肝
經前不寐,脾
經前不寐,膽
經斷復行,肝
經斷復行,脾
經斷復行,腎
白帶,肝
白帶,脾
白帶,腎
黃帶,脾
黃帶,腎
赤白帶,肝
赤白帶,脾
赤白帶,腎
赤白帶,膽
赤白帶,小腸
赤白帶,大腸
五色帶,肝
五色帶,脾
五色帶,肺
五色帶,腎
妊娠嘔吐,肝
妊娠嘔吐,脾
妊娠嘔吐,肺
妊娠嘔吐,膽
妊娠嘔吐,胃
妊娠心煩,肝
妊娠心煩,脾
妊娠心煩,肺
妊娠心煩,膽
妊娠心煩,胃
妊娠咳嗽,肝
妊娠咳嗽,脾
妊娠咳嗽,肺
妊娠咳嗽,腎
妊娠咳嗽,胃
妊娠瘖啞,肺
妊娠瘖啞,腎
妊娠腫脹,肝
妊娠腫脹,脾
妊娠腫脹,腎
妊娠腫脹,胃
妊娠眩暈,肝
妊娠眩暈,脾
妊娠眩暈,腎
妊娠眩暈,胃
子癇,肝
子癇,脾
子癇,腎
妊娠下肢抽筋,肝
妊娠心腹脹滿,肝
妊娠心腹脹滿,脾
妊娠心腹脹滿,胃
妊娠腹痛,肝
妊娠腹痛,脾
妊娠腹痛,腎
妊娠腹痛,胃
妊娠腹痛,膀胱
妊娠小便不通,脾
妊娠小便不通,腎
妊娠小便不通,小腸
妊娠小便不通,膀胱
妊娠尿痛,肝
妊娠尿痛,腎
妊娠尿痛,小腸
妊娠尿痛,膀胱
妊娠尿血,肝
妊娠尿血,腎
妊娠尿血,小腸
妊娠尿血,胃
妊娠尿血,膀胱
胎水,脾
胎水,腎
胎水,胃
胎漏,肝
胎漏,脾
胎漏,腎
胎漏,胃
胎動不安,肝
胎動不安,腎
胎動不安,胃
胎位不正,脾
胎位不正,腎
滑胎,脾
滑胎,腎
滑胎,胃
產後腹痛,胃
惡露不下,脾
惡露不下,肺
惡露不下,胃
惡露不斷,脾
產後血崩,肝
產後多汗,肺
產後發熱,脾
產後發熱,肺
產後發熱,胃
產後發痙,肝
產後眩暈,肝
產後大便難,膽
產後大便難,胃
產後大便難,大腸
產後小便不通,肝
產後小便不通,脾
產後小便不通,肺
產後小便不通,腎
產後小便不通,膀胱
產後小便頻數與失禁,肺
產後小便頻數與失禁,腎
產後小便頻數與失禁,膀胱
乳汁不行,肝
乳汁不行,脾
乳汁不行,胃
產後乳汁自漏,肝
產後乳汁自漏,腎
產後乳汁自漏,胃
產後浮腫,肝
產後浮腫,脾
產後浮腫,腎
產後浮腫,胃
產後腰痛,腎
產後脅痛,肝
產後脅痛,脾
產後脅痛,膀胱
流產後閉經,肝
流產後閉經,脾
流產後閉經,腎
不孕,肝
不孕,脾
不孕,肺
不孕,腎
不孕,胃
不孕,膀胱
癥瘕,肝
癥瘕,脾
婦人臟躁,肝
婦人臟躁,脾
婦人臟躁,肺
婦人臟躁,膽
陰挺,肝
陰挺,脾
陰挺,腎
陰挺,膽
外陰癰腫,肝
外陰癰腫,脾
外陰癰腫,膽
陰瘡,肝
陰瘡,脾
陰瘡,腎
陰瘡,膽
陰瘡,胃
女陰白斑,肝
女陰白斑,脾
女陰白斑,腎
女陰白斑,膽
陰癢,肝
陰癢,脾
陰癢,腎
陰癢,膽
經前面部粉刺,肝
經前面部粉刺,脾
經前面部粉刺,肺
經前面部粉刺,膽
交接出血,肝
交接出血,脾
交接出血,腎
交接出血,胃
小兒發熱,肝
小兒發熱,脾
小兒發熱,肺
小兒發熱,腎
小兒發熱,胃
小兒低熱,脾
小兒低熱,肺
小兒低熱,胃
小兒手足心熱,肝
小兒手足心熱,脾
小兒手足心熱,肺
小兒手足心熱,腎
小兒手足心熱,胃
小兒風疹,脾
小兒風疹,肺
小兒丹痧,肺
小兒丹痧,胃
小兒丹毒,腎
小兒發黃,肝
小兒發黃,脾
小兒發黃,腎
小兒發黃,膽
小兒發黃,胃
小兒水痘,脾
小兒水痘,肺
小兒嘔吐,脾
小兒嘔吐,膽
小兒嘔吐,胃
小兒腹瀉,脾
小兒腹瀉,小腸
小兒腹瀉,胃
小兒腹瀉,大腸
小兒紫癜,脾
小兒紫癜,胃
鼻翼煽動,脾
鼻翼煽動,肺
鼻翼煽動,腎
頓咳,脾
頓咳,肺
痄腮,膽
痄腮,胃
急驚,肝
急驚,脾
急驚,肺
急驚,膽
急驚,胃
慢驚,肝
慢驚,脾
慢驚,腎
慢驚,胃
胎毒,肝
胎毒,脾
胎毒,肺
胎毒,腎
胎毒,胃
胎弱,肝
胎弱,脾
胎弱,肺
胎弱,腎
囟門下陷,脾
囟門下陷,腎
囟門下陷,胃
囟門凸起,脾
囟門凸起,胃
囟門不合,脾
囟門不合,腎
囟門不合,胃
小兒鵝口,脾
小兒鵝口,腎
小兒木舌,肝
小兒木舌,脾
小兒木舌,小腸
小兒重舌,脾
小兒重舌,腎
小兒重舌,胃
小兒大便不通,肺
小兒大便不通,胃
小兒大便不通,大腸
小兒小便不通,腎
小兒小便不通,膀胱
小兒啼哭,脾
小兒啼哭,肺
小兒啼哭,胃
積滯,脾
積滯,胃
積滯,大腸
疳積,肝
疳積,脾
疳積,肺
疳積,腎
疳積,胃
小兒痞塊,脾
小兒痞塊,胃
小兒蟯蟲症,腎
小兒蛔蟲症,脾
小兒蛔蟲症,膽
小兒蛔蟲症,小腸
小兒蛔蟲症,胃
小兒浮腫,脾
小兒浮腫,肺
小兒浮腫,腎
小兒浮腫,胃
小兒浮腫,膀胱
小兒遺尿,肝
小兒遺尿,脾
小兒遺尿,肺
小兒遺尿,腎
小兒遺尿,膽
小兒遺尿,膀胱
小兒五軟,肝
小兒五軟,脾
小兒五軟,腎
小兒五軟,胃
小兒五軟,膀胱
小兒五硬,肝
小兒五硬,脾
小兒雞胸龜背,脾
小兒雞胸龜背,肺
小兒雞胸龜背,腎
小兒痿證,肝
小兒痿證,脾
小兒痿證,肺
小兒痿證,腎
小兒痿證,胃
口頰潰爛,肝
口頰潰爛,脾
口頰潰爛,肺
口頰潰爛,腎
口頰潰爛,胃
頸後生癰,膀胱
頸間生瘡,肝
頸間生瘡,脾
頸間生瘡,肺
頸間生瘡,胃
瘰癧,肝
瘰癧,脾
瘰癧,腎
缺盆潰爛,脾
缺盆潰爛,胃
腋窩紅腫,肝
腋窩紅腫,脾
肩背生癰,膀胱
指頭腫痛,脾
指頭腫痛,肺
指頭腫痛,腎
乳房脹痛,肝
乳房脹痛,脾
乳房脹痛,胃
乳中結核,肝
乳中結核,脾
乳中結核,腎
乳中結核,胃
乳房紅腫,肝
乳房紅腫,胃
乳頭破裂,肝
乳頭破裂,膽
乳頭破裂,胃
臍突,脾
臍突,胃
臍漏,脾
臍漏,胃
臍內出血,肝
臍內出血,腎
陰莖潰爛,肝
陰莖潰爛,腎
陰莖潰爛,膽
臀部生癰,胃
臀部生癰,膀胱
下肢生疽,肝
下肢生疽,肺
下肢生疽,腎
臁瘡,肝
臁瘡,脾
臁瘡,腎
足趾發黑,肝
足趾發黑,腎
足趾潰爛,腎
足趾潰爛,胃
丹毒,肝
丹毒,腎
丹毒,膽
丹毒,膀胱
痰核流注,脾
痰核流注,胃
脫肛,脾
脫肛,肺
脫肛,腎
脫肛,胃
脫肛,大腸
肛裂,肝
肛裂,胃
肛漏,脾
肛漏,肺
肛漏,腎
肛漏,胃
肛門搔癢,肝
肛門搔癢,脾
肛門搔癢,肺
肛門搔癢,膽
肛門搔癢,大腸
肛周生癰,肝
肛周生癰,脾
肛周生癰,肺
肛周生癰,腎
肛周生癰,大腸
肛周瘡毒,脾
肛周瘡毒,肺
肛周瘡毒,腎
肛門生痔,肝
肛門生痔,脾
肛門生痔,腎
肛門生痔,胃
肛門生痔,大腸
頭皮脫屑,肝
頭皮脫屑,膽
頭白禿,脾
頭白禿,胃
毛髮變異,肝
毛髮變異,腎
脫髮,肝
脫髮,腎
紅鼻子,肺
紅鼻子,胃
口唇濕爛,脾
口唇濕爛,胃
口唇濕爛,大腸
唇腫,脾
唇腫,肺
唇腫,胃
腰部疱疹,肝
腰部疱疹,脾
腰部疱疹,肺
腰部疱疹,膽
腰部疱疹,胃
掌跖發疱,脾
掌跖發疱,胃
指甲變形,肝
指甲變形,脾
指甲變形,胃
指縫濕爛,脾
指縫濕爛,胃
肌膚麻木,脾
肌膚麻木,肺
風疹,肝
風疹,脾
風疹,肺
風疹,腎
風疹,胃
水疱,肝
水疱,脾
水疱,膽
水疱,胃
皮膚膿疱,脾
皮膚膿疱,肺
皮膚膿疱,胃
皮膚皸裂,脾
皮膚粟疹,肝
皮膚粟疹,肺
皮膚粟疹,腎
皮膚粟疹,膽
皮膚粟疹,胃
皮膚糜爛,脾
皮膚糜爛,胃
皮膚萎縮,肝
皮膚萎縮,脾
皮膚萎縮,肺
皮膚萎縮,腎
皮膚萎縮,胃
皮膚瘢痕,腎
皮膚結節,脾
皮膚結節,肺
皮膚結節,腎
皮膚肥厚,肝
皮膚肥厚,脾
皮膚紅斑,脾
皮膚紅斑,胃
皮膚紫斑,脾
皮膚紫斑,腎
皮膚紫斑,胃
皮膚白斑,脾
皮膚白斑,肺
皮膚褐斑,肝
皮膚褐斑,脾
皮膚褐斑,腎
皮膚褐斑,膽
皮膚褐斑,胃
皮膚黑斑,肝
皮膚黑斑,脾
皮膚黑斑,腎
肌膚甲錯,脾
肌膚甲錯,胃
痱子,脾
痱子,肺
痤瘡,脾
痤瘡,肺
痤瘡,胃
白疕,肝
白疕,腎
皮膚疣,肝
皮膚疣,腎
皮膚疣,膽
耳鳴,肝
耳鳴,脾
耳鳴,肺
耳鳴,腎
耳鳴,膽
耳鳴,胃
耳癢,肝
耳癢,脾
耳癢,腎
耳癢,膽
耳癢,胃
耳痛,肝
耳痛,膽
耳衄,肝
耳衄,腎
耳衄,膽
耳衄,小腸
耳內流膿,肝
耳內流膿,腎
耳內流膿,膽
耳內長肉,肝
耳內長肉,脾
耳內長肉,腎
耳內長肉,膽
耳內長肉,胃
鼻塞,肝
鼻塞,脾
鼻塞,肺
鼻塞,腎
鼻塞,膽
鼻塞,胃
鼻流涕,脾
鼻流涕,肺
鼻流涕,腎
鼻流涕,胃
鼻癢,脾
鼻癢,肺
鼻痠,脾
鼻痠,肺
鼻乾,脾
鼻乾,肺
鼻乾,胃
鼻衄,肝
鼻衄,脾
鼻衄,肺
鼻衄,腎
鼻衄,膽
鼻衄,胃
鼻痛,肺
鼻痛,胃
鼻痛,大腸
鼻腫,肝
鼻腫,脾
鼻腫,肺
鼻腫,胃
鼻臭,肝
鼻臭,脾
鼻臭,肺
鼻臭,膽
失嗅,肝
失嗅,脾
失嗅,肺
失嗅,膽
失嗅,胃
喉癢,肺
咽乾,肝
咽乾,脾
咽乾,肺
咽乾,腎
咽乾,膽
咽乾,胃
咽腫,脾
咽腫,肺
咽腫,腎
咽腫,胃
咽喉痛,脾
咽喉痛,肺
咽喉痛,腎
咽喉痛,胃
聲音嘶啞,肺
聲音嘶啞,腎
咽喉白腐,肝
咽喉白腐,肺
咽喉白腐,腎
咽喉白腐,胃
喉中梗阻,肝
喉中梗阻,脾
喉中梗阻,肺
懸雍下垂,脾
懸雍下垂,腎
懸雍下垂,胃
目癢,肝
目癢,肺
目癢,膽
羞明怕熱,肺
羞明怕熱,膽
胞瞼腫脹,肝
胞瞼腫脹,脾
胞瞼腫脹,肺
胞瞼腫脹,胃
眼胞瘀痛,脾
眼瞼丹毒,脾
眼瞼丹毒,肺
眼瞼丹毒,胃
眼生偷針,肝
眼生偷針,脾
眼生偷針,胃
眼皮跳,肝
眼皮跳,脾
眼皮跳,胃
上胞下垂,肝
上胞下垂,脾
上胞下垂,胃
眼生痰核,脾
眼生痰核,胃
目生椒粟,脾
目生椒粟,胃
胞內生肉,肝
胞內生肉,脾
胞內生肉,肺
胞內生肉,腎
胞內生肉,胃
拳毛倒睫,肝
拳毛倒睫,脾
拳毛倒睫,肺
流淚,肝
流淚,腎
流淚,膽
漏睛,肝
漏睛,膀胱
目赤,肝
目赤,脾
目赤,肺
目赤,腎
目赤,膽
目赤爛,脾
目赤爛,肺
目赤爛,胃
目乾澀,肝
目乾澀,脾
目乾澀,肺
目乾澀,腎
白睛生疳,脾
白睛生疳,肺
白睛生疳,胃
白睛魚胞,肝
白睛魚胞,脾
白睛魚胞,肺
白睛魚胞,腎
白睛溢血,肝
白睛溢血,肺
白睛溢血,膽
白睛溢血,小腸
白睛溢血,大腸
赤脈傳睛,腎
赤膜下垂,肝
赤膜下垂,脾
赤膜下垂,肺
赤膜下垂,膽
赤膜下垂,胃
胬肉攀睛,肝
胬肉攀睛,脾
胬肉攀睛,肺
胬肉攀睛,腎
胬肉攀睛,小腸
胬肉攀睛,胃
輪上赤豆,肝
輪上赤豆,脾
輪上赤豆,肺
輪上赤豆,膽
抱輪紅,肝
抱輪紅,脾
抱輪紅,肺
抱輪紅,腎
抱輪紅,膽
抱輪紅,胃
目生星翳,肝
目生星翳,脾
目生星翳,腎
目生星翳,胃
目生雲翳,腎
目生雲翳,胃
疳翳,肝
疳翳,脾
疳翳,腎
疳翳,胃
蟹睛,肝
蟹睛,腎
蟹睛,膽
黃液上衝,肝
黃液上衝,脾
黃液上衝,腎
黃液上衝,膽
黃液上衝,胃
目札,肝
目札,脾
目札,腎
目札,膽
目札,胃
目昏,肝
目昏,脾
目昏,腎
目昏,膽
目昏,胃
目珠自脹,肝
目珠自脹,脾
目視無神,肝
目視無神,脾
目視無神,腎
目視無神,膽
頭目脹痛,肝
頭目脹痛,脾
頭目脹痛,腎
頭目脹痛,膽
頭目脹痛,胃
目偏視,肝
目偏視,腎
瞳神散大,肝
瞳神散大,肺
瞳神散大,腎
瞳神散大,胃
血灌瞳神,肝
血灌瞳神,脾
血灌瞳神,腎
血灌瞳神,膽
血灌瞳神,胃
近視,肝
近視,腎
近視,膽
遠視,腎
行經目痛,肝
雲霧移睛,肝
雲霧移睛,脾
雲霧移睛,肺
雲霧移睛,腎
雲霧移睛,膽
雲霧移睛,胃
暴盲,肝
暴盲,腎
暴盲,膽
內障,肝
內障,脾
內障,腎
內障,胃
視物變形,肝
視物變形,脾
視物變形,腎
視物變形,胃
夜盲,肝
夜盲,脾
夜盲,腎
夜盲,胃
小兒青盲,肝
小兒青盲,脾
小兒青盲,肺
小兒青盲,腎
小兒青盲,膽
小兒青盲,胃
小兒青盲,膀胱
急性感染性多發性神經炎,肝
急性感染性多發性神經炎,脾
急性感染性多發性神經炎,肺
急性感染性多發性神經炎,腎
急性感染性多發性神經炎,胃
瀰漫性致纖維性肺泡炎,脾
瀰漫性致纖維性肺泡炎,肺
瀰漫性致纖維性肺泡炎,腎
瀰漫性致纖維性肺泡炎,膽
外源性變應性肺泡炎,脾
外源性變應性肺泡炎,肺
外源性變應性肺泡炎,腎
肺嗜酸粒細胞浸潤症,肺
肺嗜酸粒細胞浸潤症,膽
慢性胃炎,肝
慢性胃炎,脾
慢性胃炎,胃
潰瘍性結腸炎,肝
潰瘍性結腸炎,脾
潰瘍性結腸炎,腎
潰瘍性結腸炎,胃
潰瘍性結腸炎,大腸
克隆病,肝
克隆病,脾
克隆病,腎
克隆病,小腸
克隆病,胃
慢性活動性肝炎,肝
慢性活動性肝炎,脾
慢性活動性肝炎,腎
慢性活動性肝炎,膽
慢性活動性肝炎,胃
慢性腎小球腎炎,肝
慢性腎小球腎炎,脾
慢性腎小球腎炎,肺
慢性腎小球腎炎,腎
慢性腎小球腎炎,膽
急性腎小球腎炎,肝
急性腎小球腎炎,脾
急性腎小球腎炎,肺
急性腎小球腎炎,腎
急性腎小球腎炎,膽
急性腎小球腎炎,膀胱
腎病綜合症,肝
腎病綜合症,脾
腎病綜合症,肺
腎病綜合症,腎
腎病綜合症,胃
腎病綜合症,膀胱
急性播散性腦脊髓炎,肝
急性播散性腦脊髓炎,肺
急性播散性腦脊髓炎,腎
急性播散性腦脊髓炎,膽
特發性血小板減少性紫癜,脾
自身免疫性溶血性貧血,肝
自身免疫性溶血性貧血,脾
自身免疫性溶血性貧血,腎
自身免疫性溶血性貧血,膽
自身免疫性溶血性貧血,胃
自身免疫性白細胞減少症,肝
自身免疫性白細胞減少症,脾
自身免疫性白細胞減少症,肺
自身免疫性白細胞減少症,腎
自身免疫性白細胞減少症,胃
嗜酸粒細胞增多症,肝
嗜酸粒細胞增多症,脾
嗜酸粒細胞增多症,肺
嗜酸粒細胞增多症,腎
嗜酸粒細胞增多症,胃
甲狀腺功能亢進,肝
甲狀腺功能亢進,脾
甲狀腺功能亢進,腎
甲狀腺功能亢進,膽
甲狀腺功能亢進,胃
橋本甲狀腺炎,肝
橋本甲狀腺炎,脾
橋本甲狀腺炎,腎
糖尿病,肺
糖尿病,腎
糖尿病,胃
阿狄森病,肝
阿狄森病,脾
阿狄森病,腎
阿狄森病,胃
阿狄森病,膀胱
硬皮病,脾
硬皮病,肺
硬皮病,腎
紅斑狼瘡,肝
紅斑狼瘡,脾
紅斑狼瘡,肺
紅斑狼瘡,腎
紅斑狼瘡,膽
重症肌無力,肝
重症肌無力,脾
重症肌無力,腎
重症肌無力,膽
重症肌無力,胃
皮肌炎,肝
皮肌炎,脾
皮肌炎,肺
皮肌炎,腎
皮肌炎,胃
類風濕關節炎,肝
類風濕關節炎,脾
類風濕關節炎,腎
白塞病,肝
白塞病,脾
白塞病,腎
白塞病,膽
白塞病,胃
乾燥綜合症,肺
乾燥綜合症,胃
風濕熱,肝
風濕熱,腎
風濕熱,大腸
免疫缺陷病,肝
免疫缺陷病,脾
免疫缺陷病,肺
免疫缺陷病,腎
免疫缺陷病,胃
艾滋病,脾
艾滋病,肺
艾滋病,腎
艾滋病,胃
濕疹,脾
濕疹,腎
濕疹,膽
濕疹,胃
濕疹,膀胱
藥疹,脾
藥疹,肺
藥疹,胃
風濕性心瓣膜病,脾
風濕性心瓣膜病,肺
風濕性心瓣膜病,腎
天疱瘡,脾
天疱瘡,肺
天疱瘡,胃
結節性多動脈炎,肝
結節性多動脈炎,脾
結節性多動脈炎,肺
結節性多動脈炎,腎
多發性大動脈炎,腎
過敏性鼻炎,肺
慢性支氣管炎,脾
慢性支氣管炎,肺
慢性支氣管炎,腎
慢性支氣管炎,胃
支氣管哮喘,脾
支氣管哮喘,肺
支氣管哮喘,腎
支氣管哮喘,膽
石淋,肝
石淋,腎
石淋,膀胱
面部脫屑,肝
面部脫屑,脾
面部脫屑,腎
面部脫屑,胃
腹痛,肝
腹痛,膽
腹痛,胃
畏惡風寒,心
五心煩熱,心
自汗,心
盜汗,心
心胸汗出,心
發狂,心
癲,心
善驚,心
善悲,心
善恐,心
善憂思,心
言語錯亂,心
嗜睡,心
痴呆,心
健忘,心
多夢,心
不寐,心
少氣,心
頭暈,心
頭搖,心
腦鳴,心
鬚髮早白,心
面色青,心
口中生瘡,心
舌癢,心
舌裂,心
舌萎,心
舌腫,心
舌顫,心
弄舌,心
舌瘡,心
頸粗,心
四肢抽搐,心
手舞足蹈,心
手顫,心
咳痰,心
胸痛,心
胸悶,心
心悸,心
心下悸,心
惡心,心
吐血,心
氣從少腹上衝,心
大便膿血,心
早泄,心
遺精,心
陽萎,心
經行先後無定期,心
經前不寐,心
妊娠心煩,心
急驚,心
胎弱,心
小兒鵝口,心
小兒木舌,心
小兒重舌,心
小兒啼哭,心
皮膚粟疹,心
皮膚褐斑,心
咽喉白腐,心
目乾澀,心
赤脈傳睛,心
目昏,心
目珠自脹,心
目視無神,心
頭目脹痛,心
視物變形,心
瀰漫性致纖維性肺泡炎,心
慢性腎小球腎炎,心
自身免疫性溶血性貧血,心
自身免疫性白細胞減少症,心
甲狀腺功能亢進,心
阿狄森病,心
紅斑狼瘡,心
風濕熱,心
風濕性心瓣膜病,心
慢性支氣管炎,心
痛經,肝
痛經,脾
痛經,腎
痛經,胃
失眠,肝
失眠,脾
失眠,腎
失眠,膽
失眠,小腸
失眠,心
頻尿,肝
頻尿,脾
頻尿,肺
頻尿,腎
頻尿,膀胱
怕冷,脾
怕冷,腎
怕冷,胃
怕冷,心
目眩,肝
目眩,脾
目眩,腎
目眩,膽
目眩,胃
目眩,心
手腳冰冷,肝
手腳冰冷,脾
手腳冰冷,腎
手腳冰冷,膽
手腳冰冷,胃
黃痰,肝
黃痰,脾
黃痰,肺
黃痰,腎
黃痰,膽
黃痰,胃
黃痰,心
食慾不佳,肝
食慾不佳,脾
食慾不佳,腎
食慾不佳,胃
胸部出汗多,脾
胸部出汗多,腎
胸部出汗多,心
容易恐懼,肝
容易恐懼,腎
容易恐懼,膽
容易恐懼,胃
容易恐懼,心
面色發白,肝
面色發白,脾
面色發白,肺
面色發白,腎
面色發白,胃
